docker-cpu,docker-gpu,envd-v0-cpu,envd-v0-gpu,envd-v1-cpu,envd-v1-gpu
49.6786166,167.997942524,30.075305362999984,161.623470494,66.70077491300003,219.535349721
57.69844143500001,inf,31.66189176100005,172.59289240000004,69.33435198199993,230.54429402
61.527659501,216.99184928000005,35.04310817800001,186.11711422,79.80333755900006,258.422113695
67.463483693,189.684857277,35.13870799100005,187.634352292,63.82367107800008,238.16065757
49.86225231,165.94564490800002,30.455799122999963,169.34380831000004,55.15965862999997,211.93992519
68.90858359,198.321667643,54.050117365000006,193.0826969,66.177431953,248.42750958599996
56.69604838799998,166.493508513,31.454580433000046,166.16284516000002,56.13614800399989,214.3706843970001
