docker-cpu,docker-gpu,envd-v0-cpu,envd-v0-gpu,envd-v1-cpu,envd-v1-gpu
49.6786166,167.997942524,30.075305362999984,161.623470494,66.70077491300003,219.535349721
57.69844143500001,inf,31.66189176100005,172.59289240000004,69.33435198199993,230.54429402
61.527659501,216.99184928000005,35.04310817800001,186.11711422,79.80333755900006,258.422113695
67.463483693,189.684857277,35.13870799100005,187.63435229200002,63.823671078000075,238.16065757
