,envd-cpu,envd-gpu,docker-cpu,docker-gpu
0,116.745031285,788.631597019,61.83212924299994,246.07547375299987
